{"cameraMode":{"drawMode":0,"name":"Shaded","section":"Shading Mode"},"sceneLighting":false,"audioPlay":false,"sceneViewState":{"showFog":false,"showMaterialUpdate":false,"showSkybox":false,"showFlares":false,"showImageEffects":false,"showParticleSystems":false},"in2DMode":false,"pivot":{"x":-89.01758575439453,"y":32.147926330566409,"z":-27.530317306518556},"rotation":{"x":0.29021844267845156,"y":0.4580240249633789,"z":-0.16119793057441712,"w":0.8246373534202576},"size":22.0,"orthographic":true}